trending_rank,name,symbol,price,market_cap,market_cap_rank,24h_change,timestamp
1,Quant,QNT,250.07053022121275,3637069845,33,83.22980231365041,2026-09-27T22:52:57.898117
2,Official Trump,TRUMP,2.092118272583415,589701060,104,-0.7100539358737344,2026-09-27T22:52:57.898129
3,NEAR Protocol,NEAR,5.4486572913326485,7123998497,21,9.960158752528699,2026-09-27T22:52:57.898132
4,RHEA,RHEA,0.18250315948255835,74722337,366,118.17248157012745,2026-09-27T22:52:57.898134
5,Edel,EDEL,0.025888771322640412,17564287,977,-13.337878011147925,2026-09-27T22:52:57.898135
6,Pump.fun,PUMP,0.005015315403251421,2336280837,48,15.143816692042328,2026-09-27T22:52:57.898137
7,Pudgy Penguins,PENGU,0.01002481954097084,630164127,100,1.8241712985935858,2026-09-27T22:52:57.898139
8,Bittensor,TAO,322.28873966022974,3654640193,34,1.0736821541515384,2026-09-27T22:52:57.898145
9,Jupiter,JUP,0.36416299059642193,1208791416,74,7.29030607972599,2026-09-27T22:52:57.898148
10,Bitcoin,BTC,84217.48243080582,1691953139800,1,-0.0475771968013495,2026-09-27T22:52:57.898150
11,STONK,STONK,0.2508589785150407,204528651,191,-10.05431491193381,2026-09-27T22:52:57.898152
12,Ondo,ONDO,0.5537110749109715,2696202307,41,3.640512870665248,2026-09-27T22:52:57.898154
13,Zcash,ZEC,1585.7480429655614,26886229489,9,-4.63033985695231,2026-09-27T22:52:57.898155
14,Pons,PONS,0.5718692831613659,390842720,131,-11.016048076734956,2026-09-27T22:52:57.898157
15,Worldcoin,WLD,0.5449831665058678,2025499534,53,3.9295402314787085,2026-09-27T22:52:57.898158
